index,hr_mean,hr_std,subject,label
0,83.08917855,20.18114918,2,1
1,79.55320936,17.72931493,2,1
2,78.4328922,16.21084703,2,1
3,77.69261519,15.12112454,2,1
4,78.50651218,15.53421381,2,1
5,77.72666027,14.70595621,2,1
6,78.88096442,17.76420971,2,1
7,81.41241688,20.91219195,2,1
8,81.09681796,19.9146028,2,1
9,76.50251494,16.01905692,2,1
10,74.85964125,11.90990018,2,1
11,74.47550027,10.95520722,2,1
12,72.70460314,9.068949393,2,1
13,72.07730112,7.28150552,2,1
14,71.89204613,7.341535456,2,1
15,73.83759121,11.21540811,2,1
16,77.04102439,14.91792668,2,1
17,78.90688437,16.51380993,2,1
18,78.62779841,16.88162873,2,1
19,75.28476473,13.80861856,2,1
20,74.82901879,14.35822236,2,1
21,73.15659488,12.1935994,2,1
22,71.59281458,9.272062574,2,1
23,71.07812229,7.748609876,2,1
24,70.59304363,5.922833909,2,1
25,70.07573854,5.712124453,2,1
26,74.06695007,12.84491323,2,1
27,72.97434204,11.59786089,2,1
28,76.07778286,15.31063285,2,1
29,75.9484322,12.57171939,2,1
30,75.01251016,9.261106313,2,1
31,75.68401097,9.587117038,2,1
32,91.83861384,21.20015378,2,2
33,94.02957361,24.17953701,2,2
34,95.72787195,26.20603856,2,2
35,96.24750755,27.94766204,2,2
36,85.1215011,22.33580368,2,2
37,75.40790839,14.78362574,2,2
38,84.59205518,18.93715002,2,2
39,88.8362969,20.78535002,2,2
40,91.80030544,22.59528017,2,2
41,89.85963303,22.31839987,2,2
42,81.92809602,16.81837877,2,2
43,82.29917569,18.24268567,2,2
44,82.52647592,18.17868726,2,2
45,81.93854097,17.9909712,2,2
46,75.74887436,16.20190567,2,0
47,72.87206011,13.61554779,2,0
48,75.8773037,16.10619963,2,0
49,80.57940738,19.29972145,2,0
50,74.3760682,15.90731079,2,0
51,73.31815207,15.21817109,2,0
52,70.01716823,11.616159,2,0
53,71.97597769,13.2040836,2,0
54,70.8997578,13.00183338,2,0
55,66.08729991,5.216276993,2,3
56,66.49746608,5.256799611,2,3
57,66.15664177,5.092258282,2,3
58,67.25945679,6.011805672,2,3
59,66.67889183,5.087695969,2,3
60,66.89621283,5.614693071,2,3
61,69.17527661,6.950161895,2,3
62,70.25198248,6.931402459,2,3
63,71.91817538,5.921252476,2,3
64,72.23457636,5.387375047,2,3
65,71.89437593,7.648050371,2,3
66,71.01655337,8.975561022,2,3
67,68.0782607,8.029813003,2,3
68,69.11638618,9.111644839,2,3
69,67.86172869,6.68440573,2,3
70,67.74329348,5.641455131,2,3
71,68.77217925,5.872960738,2,3
72,67.31910194,5.034851294,2,3
73,66.04193894,5.021116509,2,3
74,64.75737155,4.57619377,2,3
75,64.38932396,4.979869019,2,3
76,55.83792361,7.63865116,3,1
77,55.30278183,6.954979846,3,1
78,54.00075194,6.281550269,3,1
79,55.32211304,6.755018945,3,1
80,60.16475512,11.53561155,3,1
81,62.40246195,10.58945636,3,1
82,65.11216339,11.98671732,3,1
83,64.08813908,12.16161697,3,1
84,58.09257913,8.699724721,3,1
85,57.399832,9.657724502,3,1
86,60.03290096,11.57172246,3,1
87,58.41683364,9.18219428,3,1
88,66.77462396,13.38583145,3,1
89,59.90622613,10.84322907,3,1
90,56.4653696,7.644055536,3,1
91,55.66405159,7.288591527,3,1
92,54.28090375,5.59292034,3,1
93,53.92687059,6.266780139,3,1
94,54.96865026,9.007001453,3,1
95,55.29008463,9.416491407,3,1
96,55.94085678,9.352910375,3,1
97,56.62602513,10.2810161,3,1
98,55.18171875,7.993715482,3,1
99,59.65545061,11.87493046,3,1
100,56.41915131,8.998847843,3,1
101,55.57744093,7.974133072,3,1
102,55.04015813,7.839333207,3,1
103,53.6408947,6.268048296,3,1
104,53.80316449,5.013846169,3,1
105,104.3397867,18.37776148,3,2
106,98.46889227,16.68838022,3,2
107,94.58543562,18.3697279,3,2
108,98.25539895,20.39203093,3,2
109,100.0929373,22.1593067,3,2
110,98.24488679,22.54168965,3,2
111,96.50154365,21.89061606,3,2
112,91.2900462,21.56675661,3,2
113,83.29086987,15.74044309,3,2
114,89.47907493,17.68111763,3,2
115,90.28898708,15.46143185,3,2
116,93.44159196,14.77497635,3,2
117,94.0235208,14.83961758,3,2
118,93.35867643,16.41201917,3,2
119,91.36411542,17.87987321,3,2
120,91.01092487,19.44695216,3,2
121,89.66920119,20.73017561,3,2
122,85.42112663,20.9946157,3,2
123,84.6718456,19.31307834,3,0
124,91.27035029,21.16673864,3,0
125,83.3990093,19.55729138,3,0
126,96.37221409,24.08231787,3,0
127,89.29518054,23.39773021,3,0
128,72.87604776,17.81445596,3,0
129,67.30623187,13.80226008,3,0
130,67.40775487,15.33784362,3,0
131,63.32951832,10.77812585,3,0
132,50.77721025,5.81783496,3,3
133,51.46115837,6.411664141,3,3
134,52.44028303,6.626460771,3,3
135,53.04699703,7.172093578,3,3
136,54.10150484,7.905004244,3,3
137,54.14845171,8.208376966,3,3
138,53.90335852,8.044290898,3,3
139,54.04750364,8.069628308,3,3
140,55.97041233,8.579033035,3,3
141,57.9596918,9.435464912,3,3
142,60.95313923,10.13036105,3,3
143,61.89918354,10.70732556,3,3
144,58.11331053,11.41595792,3,3
145,61.38587454,11.06642061,3,3
146,53.71281283,8.695289752,3,3
147,55.15398288,9.173975095,3,3
148,54.34789742,8.101048463,3,3
149,56.28868745,9.416914892,3,3
150,58.5473639,9.788232293,3,3
151,59.2352334,9.847897593,3,3
152,60.87409841,10.00590837,3,3
153,56.76652779,9.489224414,3,3
154,57.48187438,10.04031726,3,3
155,69.06356992,10.3090098,4,1
156,66.03966479,7.848702309,4,1
157,62.85890335,7.081934367,4,1
158,61.8061596,6.248859143,4,1
159,60.58110567,5.273004386,4,1
160,59.65178757,5.009570311,4,1
161,59.73758783,5.239250433,4,1
162,59.4101942,4.586941302,4,1
163,59.18448363,4.564902954,4,1
164,60.43527775,5.59363841,4,1
165,62.47977201,7.256798513,4,1
166,63.23765926,7.480114432,4,1
167,63.44214337,7.700369142,4,1
168,60.40939749,6.466964228,4,1
169,59.4757204,5.545293446,4,1
170,58.36871284,5.137032694,4,1
171,62.32324308,8.222930483,4,1
172,63.9863565,8.076400421,4,1
173,62.65350485,8.862945775,4,1
174,62.87416298,8.827058235,4,1
175,58.83173755,6.375771842,4,1
176,57.38969143,4.934238929,4,1
177,58.78920373,4.609711678,4,1
178,58.70118911,4.721525867,4,1
179,59.02784546,5.046971306,4,1
180,58.7727686,5.701107684,4,1
181,58.14528623,5.698057686,4,1
182,61.26066439,7.679415504,4,1
183,63.41560622,9.723656252,4,1
184,66.4579483,10.57100371,4,1
185,67.92311241,10.86856729,4,1
186,63.7834108,9.126565035,4,1
187,60.86230699,7.739573995,4,1
188,59.04341775,6.262040433,4,1
189,58.34719065,4.780639746,4,1
190,93.39371868,21.26522102,4,2
191,91.84228918,20.58487217,4,2
192,90.3038658,19.30161668,4,2
193,94.2839591,20.24450241,4,2
194,92.94672668,21.31640558,4,2
195,91.65799426,20.63181929,4,2
196,88.09253191,20.06014097,4,2
197,85.82048086,20.46145805,4,2
198,87.35357729,19.30909632,4,2
199,89.1397514,19.32644988,4,2
200,91.39482599,19.23175084,4,2
201,91.30939549,17.94134716,4,2
202,93.59023526,20.54495102,4,2
203,94.94007265,21.822206,4,2
204,94.58860823,22.76248801,4,2
205,95.65540801,23.95577314,4,2
206,93.47628738,23.20790473,4,2
207,93.50742277,22.95083169,4,2
208,63.26940434,9.071803872,4,0
209,62.86773805,8.791929581,4,0
210,65.52190975,10.27045848,4,0
211,63.87474121,8.350400851,4,0
212,61.72233216,5.432408525,4,0
213,61.87114403,4.822088921,4,0
214,62.10134798,4.744795918,4,0
215,61.45299221,3.63657217,4,0
216,62.39192055,4.189693293,4,0
217,60.72773253,5.695892095,4,3
218,62.90133228,5.564194844,4,3
219,63.48244985,5.760188038,4,3
220,63.4983909,5.760318475,4,3
221,64.51310391,6.552579818,4,3
222,68.6187976,11.64100234,4,3
223,68.49438782,12.28044831,4,3
224,67.86854628,12.35715722,4,3
225,66.89877381,12.99238734,4,3
226,61.09848431,7.598461999,4,3
227,63.19342477,8.75590536,4,3
228,64.0951153,9.357038005,4,3
229,65.15375557,10.06209212,4,3
230,63.57736666,9.203756119,4,3
231,63.01579204,6.764032318,4,3
232,62.87187447,6.298781911,4,3
233,63.70910538,7.024293995,4,3
234,65.39165704,8.048576583,4,3
235,62.17165696,6.882292997,4,3
236,60.87390366,5.906785635,4,3
237,60.35998937,5.005772127,4,3
238,59.78915335,4.294500048,4,3
239,60.53077084,4.378772807,4,3
240,76.27499576,17.1643197,5,1
241,76.44744076,17.96484188,5,1
242,75.72930866,18.16346608,5,1
243,68.60905877,12.9398019,5,1
244,65.7524657,10.30932348,5,1
245,63.05106936,6.873286831,5,1
246,62.54344867,7.339952863,5,1
247,63.35072479,9.169724699,5,1
248,62.45600237,8.732562503,5,1
249,65.12416482,11.32503271,5,1
250,65.72156778,12.12741515,5,1
251,70.73940263,16.21885636,5,1
252,65.62870554,10.15129137,5,1
253,66.08359426,10.90407538,5,1
254,62.76176713,5.525092574,5,1
255,62.38222472,6.028688569,5,1
256,61.93945258,6.390967861,5,1
257,61.695528,5.491528617,5,1
258,63.27489821,6.947536883,5,1
259,65.26931045,10.38587388,5,1
260,65.80951753,10.31546684,5,1
261,69.9600862,14.35782218,5,1
262,72.51461153,17.19735957,5,1
263,76.6940261,19.21945172,5,1
264,77.35500741,18.28469078,5,1
265,73.99257698,15.022957,5,1
266,72.69058638,13.85478601,5,1
267,73.30045553,14.90142067,5,1
268,72.16120752,14.36136018,5,1
269,71.68468222,15.29847017,5,1
270,69.10976873,13.67474854,5,1
271,64.26789498,7.490696241,5,1
272,63.94246212,7.372918342,5,1
273,62.83550358,6.39279846,5,1
274,64.25010755,7.736119195,5,1
275,65.43749813,9.291590869,5,1
276,108.0638884,18.87483663,5,2
277,109.0377538,20.03000529,5,2
278,108.5990278,19.63107495,5,2
279,109.3073561,20.84391711,5,2
280,116.0706362,17.62348174,5,2
281,106.7849975,20.6312012,5,2
282,110.4443043,19.36628248,5,2
283,83.49883842,25.25472195,5,0
284,76.41002437,18.7243083,5,0
285,85.70201701,26.46476274,5,0
286,80.620648,23.90236618,5,0
287,75.12536809,18.00661387,5,0
288,73.69357743,15.73892101,5,0
289,71.03611646,12.86862191,5,0
290,75.21071928,15.4459208,5,0
291,72.12375618,14.18447546,5,0
292,74.8285584,15.96499058,5,3
293,82.7972267,22.33943157,5,3
294,89.82712822,22.77881303,5,3
295,82.94111019,23.34272049,5,3
296,85.28531496,22.95334808,5,3
297,83.54405306,22.25431915,5,3
298,89.17556758,24.59773261,5,3
299,92.32679238,23.67032597,5,3
300,88.82273549,25.5252468,5,3
301,88.7638003,25.04048865,5,3
302,94.91533636,25.68615601,5,3
303,91.05714551,26.3664388,5,3
304,87.46146665,25.95907577,5,3
305,81.58126079,24.41203792,5,3
306,79.71239023,20.98403847,5,3
307,83.0161935,22.01248719,5,3
308,85.07627464,22.15136905,5,3
309,81.66946145,20.66708278,5,3
310,82.18568673,18.28907811,5,3
311,80.52593545,20.22959237,5,3
312,75.10925809,18.25024077,5,3
313,77.06278524,20.00593261,5,3
314,80.88586824,21.48653841,5,3
315,75.88603869,14.62014001,6,1
316,74.59960483,13.81698958,6,1
317,72.8592975,12.0400054,6,1
318,72.51773508,11.85590972,6,1
319,69.42974213,8.014936014,6,1
320,67.58519136,6.851941231,6,1
321,67.25583817,6.688895762,6,1
322,66.86688396,5.523482134,6,1
323,66.69375521,6.854029388,6,1
324,67.63166232,8.281505757,6,1
325,66.93491224,6.606238745,6,1
326,66.81771597,6.951929213,6,1
327,66.68276065,6.682551477,6,1
328,67.448112,8.347577206,6,1
329,68.5123612,9.900831183,6,1
330,69.87721911,10.97745471,6,1
331,71.03004963,12.81663795,6,1
332,69.55066422,8.792281919,6,1
333,70.64572528,9.256314878,6,1
334,69.62617416,9.304417999,6,1
335,70.92066119,10.37371482,6,1
336,73.74621453,14.06351612,6,1
337,73.93837747,14.66856422,6,1
338,75.49806418,15.14534429,6,1
339,72.57531804,11.72183412,6,1
340,75.01091968,13.31426402,6,1
341,73.25665265,12.55934691,6,1
342,74.60785614,11.26547088,6,1
343,76.76388929,11.51911067,6,1
344,76.82068801,11.23044473,6,1
345,79.20591707,12.3599593,6,1
346,77.03601315,11.78689046,6,1
347,74.88134493,10.46501198,6,1
348,74.87318946,12.12947846,6,1
349,73.23265552,11.45440377,6,1
350,83.43799657,14.40983664,6,2
351,79.39857462,13.39061589,6,2
352,79.97357083,14.27602348,6,2
353,81.81131246,14.90130969,6,2
354,83.48497491,17.28639192,6,2
355,80.8939479,14.17971005,6,2
356,82.91234808,16.2608422,6,2
357,80.34424676,14.28772512,6,2
358,79.3931066,14.283017,6,2
359,82.6013683,15.1360164,6,2
360,84.59875708,16.72200524,6,2
361,89.95346212,20.20603094,6,2
362,90.2059664,20.75341185,6,2
363,85.42159191,19.14472967,6,2
364,81.38696823,14.3479434,6,2
365,80.42170109,13.77841529,6,2
366,81.8194089,15.03443118,6,2
367,81.63091946,16.16129758,6,2
368,67.24391543,10.0032669,6,0
369,66.83018982,9.109775413,6,0
370,69.83525658,10.55699718,6,0
371,69.51637696,10.82116319,6,0
372,73.67444259,16.14099373,6,0
373,77.33955148,18.1440303,6,0
374,73.59207255,15.35900059,6,0
375,71.77375137,15.09234641,6,0
376,66.05904558,5.621496956,6,3
377,66.18283975,5.192788703,6,3
378,66.57000815,5.22795562,6,3
379,67.03490026,5.033385691,6,3
380,65.90667637,5.022070226,6,3
381,67.56317357,7.910057606,6,3
382,69.54161644,9.167636929,6,3
383,69.68623597,10.56644862,6,3
384,70.79402363,10.56889509,6,3
385,71.56612485,11.43403142,6,3
386,70.3579832,12.25597508,6,3
387,71.15131537,13.25488347,6,3
388,70.07391109,12.79731636,6,3
389,67.24310045,10.38488174,6,3
390,66.88011979,7.674990257,6,3
391,67.32059941,7.851254818,6,3
392,66.33256233,6.390389135,6,3
393,67.31325318,8.679821162,6,3
394,66.66836398,8.350365457,6,3
395,68.73774869,10.78233688,6,3
396,70.08006591,11.16576968,6,3
397,71.14684699,10.94293869,6,3
398,70.67335663,10.06691192,6,3
399,73.7117845,9.911770842,7,1
400,72.82086145,8.459238347,7,1
401,74.05034985,7.193887359,7,1
402,74.17827514,7.751680202,7,1
403,73.96311639,8.051453005,7,1
404,73.11056291,8.234869017,7,1
405,75.29860926,12.68074852,7,1
406,73.64865722,10.94516635,7,1
407,71.334845,10.0401,7,1
408,73.40396918,11.72056892,7,1
409,73.39362025,12.11215217,7,1
410,72.4464294,13.14315846,7,1
411,72.46572419,13.18887749,7,1
412,69.30599827,11.65586955,7,1
413,67.0679676,9.163619485,7,1
414,70.18295287,11.86890718,7,1
415,73.20179096,14.49972632,7,1
416,76.11505584,16.40493091,7,1
417,76.00241044,14.04598526,7,1
418,76.10680461,11.92366444,7,1
419,73.27451515,9.754994901,7,1
420,72.70712144,9.437103278,7,1
421,72.13426669,9.940586817,7,1
422,70.47806684,9.244679539,7,1
423,73.44410646,11.13341153,7,1
424,74.76742843,13.31192802,7,1
425,78.59328579,18.28341336,7,1
426,80.72076486,19.87076491,7,1
427,76.13173404,12.41016255,7,1
428,79.4006131,12.92203631,7,1
429,76.98665763,11.26713026,7,1
430,73.81050703,9.223035889,7,1
431,72.399944,10.32897606,7,1
432,67.93120419,8.166469518,7,1
433,100.6066673,20.58749702,7,2
434,101.3796572,22.53851281,7,2
435,99.74953025,23.06801682,7,2
436,103.6473695,20.35787963,7,2
437,104.7725648,20.4289802,7,2
438,96.57271174,21.06294903,7,2
439,94.03074443,22.94105318,7,2
440,97.77864536,22.41176517,7,2
441,97.11426761,22.44237164,7,2
442,98.36974775,21.88724854,7,2
443,61.32145129,7.414241468,7,0
444,59.47426907,4.753530195,7,0
445,59.97040445,4.731556182,7,0
446,59.46662618,3.920591976,7,0
447,58.10293514,4.101272518,7,0
448,58.83493189,4.979376219,7,0
449,59.08375493,5.219762723,7,0
450,58.68124611,5.810634577,7,0
451,58.19512097,5.296209808,7,0
452,57.66377093,5.702022092,7,3
453,58.61356884,6.017956224,7,3
454,59.83626371,6.319275058,7,3
455,60.53711324,7.171864636,7,3
456,62.22730987,8.776645942,7,3
457,63.49933369,9.442222706,7,3
458,64.28939588,10.57716467,7,3
459,64.81566457,11.05116287,7,3
460,64.58508935,11.20070276,7,3
461,63.76611454,11.59420863,7,3
462,64.39999754,10.7103716,7,3
463,62.49063149,9.710020329,7,3
464,61.1614197,8.340502859,7,3
465,59.94936307,7.699219636,7,3
466,58.52067718,7.627651786,7,3
467,57.91583851,8.374858153,7,3
468,59.16689595,9.7328212,7,3
469,60.52258182,10.2910335,7,3
470,61.56868384,10.65096914,7,3
471,63.99736154,11.63473521,7,3
472,64.42701161,11.98533523,7,3
473,65.1114368,12.42594081,7,3
474,65.74917318,12.51426486,7,3
475,65.98759805,6.769495249,8,1
476,66.1292604,5.668173263,8,1
477,66.44288016,5.497803167,8,1
478,67.27374376,6.249170375,8,1
479,67.52078453,5.436389396,8,1
480,68.66113287,5.121026757,8,1
481,69.84374871,5.425325837,8,1
482,71.04593949,7.507541217,8,1
483,73.61602283,12.181416,8,1
484,74.17769345,12.44057793,8,1
485,74.05136952,12.22536419,8,1
486,72.87119197,10.3798956,8,1
487,74.07088103,11.88164181,8,1
488,76.19138788,12.83627116,8,1
489,76.69528237,12.45899921,8,1
490,73.77072827,10.25281976,8,1
491,71.99309601,9.339838778,8,1
492,70.28569199,8.606765071,8,1
493,69.74554898,6.796213519,8,1
494,71.79541981,7.597814076,8,1
495,74.87237227,10.53835205,8,1
496,79.10865003,14.52046727,8,1
497,79.48575589,14.70242214,8,1
498,79.77251031,14.07704126,8,1
499,77.60219396,10.81803089,8,1
500,75.51354796,5.793771999,8,1
501,75.06029383,7.121933804,8,1
502,73.98431926,8.509410197,8,1
503,72.24602102,8.690822525,8,1
504,71.36737771,8.481084557,8,1
505,71.8462116,9.402280252,8,1
506,72.87289452,9.352075703,8,1
507,73.30494655,8.280989313,8,1
508,73.32100033,8.103437807,8,1
509,72.81890521,9.485606091,8,1
510,96.09076914,23.07120807,8,2
511,97.22342436,22.91692592,8,2
512,94.70747881,23.11499798,8,2
513,93.68404494,23.63080087,8,2
514,88.57531129,20.05661999,8,2
515,82.85025273,16.2330034,8,2
516,78.94009367,13.36863565,8,2
517,74.96467829,14.21271563,8,2
518,78.05816259,16.06937669,8,2
519,84.53946499,17.49998224,8,2
520,87.13351178,17.54650389,8,2
521,89.16611546,19.66705413,8,2
522,86.82728098,16.91207369,8,2
523,87.28511969,15.8239742,8,2
524,91.02660189,18.1511988,8,2
525,69.15641835,11.81796658,8,0
526,67.90382068,10.06308854,8,0
527,71.07247908,11.54018376,8,0
528,71.37164447,11.87280859,8,0
529,70.47775388,10.4182533,8,0
530,72.27593909,11.69322788,8,0
531,70.97467689,10.3652606,8,0
532,70.90859742,9.158187143,8,0
533,70.86943435,8.966260602,8,0
534,66.82637023,10.22805724,8,3
535,66.80064113,9.20220523,8,3
536,67.42028142,9.254943097,8,3
537,68.11679517,8.938587543,8,3
538,68.49529626,9.186047337,8,3
539,69.33489714,9.667207447,8,3
540,70.21701249,9.702118692,8,3
541,71.2544846,9.894860388,8,3
542,70.87017453,9.742069445,8,3
543,70.77744468,9.926025893,8,3
544,71.5363783,11.00151615,8,3
545,70.20390265,10.05563483,8,3
546,70.37399204,10.82893798,8,3
547,70.8867335,9.795005118,8,3
548,69.89770021,9.598605831,8,3
549,71.86660581,9.627842033,8,3
550,73.16645521,9.613377208,8,3
551,73.99630038,10.76960186,8,3
552,74.88840731,10.54336842,8,3
553,75.74877384,10.25539212,8,3
554,76.44459241,11.10599165,8,3
555,76.48893036,10.00587905,8,3
556,76.68219142,9.105861694,8,3
557,80.00215468,15.27971522,9,1
558,79.79680653,14.66544208,9,1
559,79.74422336,14.79829597,9,1
560,80.17675551,15.28269436,9,1
561,78.60565469,13.6900093,9,1
562,79.68733532,12.50835701,9,1
563,80.17165283,11.84851805,9,1
564,78.97216558,11.03435444,9,1
565,80.79484391,13.92483968,9,1
566,78.51257281,13.99993715,9,1
567,78.5194921,13.74128207,9,1
568,80.5950142,15.54416591,9,1
569,80.48606693,15.24310357,9,1
570,77.8695657,10.2657718,9,1
571,76.97211676,10.08539787,9,1
572,76.71182006,10.00931837,9,1
573,78.14557629,11.61355444,9,1
574,82.26746615,15.80160217,9,1
575,82.46307962,16.00164492,9,1
576,89.53949942,21.3887958,9,1
577,87.97990593,21.27746314,9,1
578,87.0983214,20.35545081,9,1
579,86.05248573,18.94683751,9,1
580,83.26883894,15.95128489,9,1
581,82.29644775,15.56555287,9,1
582,84.09669209,18.16828393,9,1
583,80.03914611,14.0935189,9,1
584,79.32014931,15.10124911,9,1
585,78.64479212,14.74994968,9,1
586,76.99502856,13.16660311,9,1
587,77.82509486,13.02153492,9,1
588,76.74600835,11.12461496,9,1
589,76.82934326,11.74139284,9,1
590,78.14117669,13.49944175,9,1
591,78.14306039,12.6070329,9,1
592,80.70558506,13.55940949,9,1
593,91.65326769,15.97652011,9,2
594,90.41980477,16.52823328,9,2
595,94.21644332,19.37619202,9,2
596,93.27340932,19.90551736,9,2
597,96.57976173,22.52362622,9,2
598,99.08553214,23.24721322,9,2
599,96.28757512,23.37042413,9,2
600,93.85806517,23.23318014,9,2
601,92.5773971,24.03175375,9,2
602,89.80362659,22.65565567,9,2
603,84.39132535,18.80413028,9,2
604,86.64599915,21.63168113,9,2
605,81.58825619,14.97714687,9,2
606,77.74103221,9.720648712,9,2
607,78.16834341,10.3593844,9,2
608,78.80422601,10.561298,9,2
609,80.63702247,14.55119647,9,2
610,83.16904154,16.88901111,9,2
611,84.66590481,10.54016271,9,0
612,83.57443176,6.398080715,9,0
613,84.91340047,8.629430381,9,0
614,84.86536097,5.726669361,9,0
615,85.07812951,4.5577966,9,0
616,86.66205052,4.731697517,9,0
617,88.32753469,5.10432171,9,0
618,88.25875445,6.468319669,9,0
619,88.81610385,6.580347979,9,0
620,73.58097814,9.984315301,9,3
621,69.96161912,6.738034806,9,3
622,70.50979945,6.938067096,9,3
623,70.90717032,6.407952635,9,3
624,71.92822954,7.704531479,9,3
625,72.73470294,7.900711813,9,3
626,73.1082257,7.017879767,9,3
627,73.70939759,7.219433494,9,3
628,72.92101914,3.999241439,9,3
629,72.59915157,4.445507157,9,3
630,74.17325514,7.995401183,9,3
631,72.96769904,9.295744231,9,3
632,73.20926984,9.882343178,9,3
633,74.12149031,10.18023184,9,3
634,71.96615822,7.384708203,9,3
635,73.38164897,7.387731795,9,3
636,74.30096319,8.84337249,9,3
637,74.50102494,8.463356916,9,3
638,73.42769137,5.958077995,9,3
639,74.66839989,6.744567767,9,3
640,74.78053371,6.610716894,9,3
641,73.68014135,6.703319767,9,3
642,72.45032708,6.129306598,9,3
643,94.41675085,10.32183401,10,1
644,98.10889762,9.104661675,10,1
645,100.505659,8.78935727,10,1
646,100.9708947,9.790796334,10,1
647,100.2990085,10.4189358,10,1
648,98.30296486,11.4149812,10,1
649,98.58927595,11.05113165,10,1
650,98.73752064,11.28299079,10,1
651,101.1194099,10.43537655,10,1
652,103.705702,10.19659903,10,1
653,103.6928622,13.28200594,10,1
654,102.4452444,11.95590405,10,1
655,103.0987198,12.44315465,10,1
656,101.7528717,12.03576169,10,1
657,100.8310434,9.45400281,10,1
658,100.94584,12.95200601,10,1
659,99.72583284,13.61447168,10,1
660,98.7034841,14.69627748,10,1
661,97.31772695,15.5730331,10,1
662,96.89019608,13.65946022,10,1
663,96.10326002,14.21335951,10,1
664,97.38784051,14.12959599,10,1
665,96.27342102,12.71736243,10,1
666,96.19520743,13.42798437,10,1
667,92.99142599,13.64023701,10,1
668,93.8593252,12.08348414,10,1
669,92.35745285,11.35267311,10,1
670,93.3947634,8.777330445,10,1
671,96.74214872,8.161494643,10,1
672,98.89722814,7.62932188,10,1
673,100.8369325,7.834454459,10,1
674,100.818084,9.506722426,10,1
675,99.14902525,11.01614705,10,1
676,98.0940744,11.73689796,10,1
677,113.5002438,15.99162261,10,2
678,110.791566,15.45543473,10,2
679,108.1944868,15.55037289,10,2
680,105.9158642,15.45598909,10,2
681,103.3583168,15.87248276,10,2
682,102.8001823,15.26533736,10,2
683,103.1252251,13.591735,10,2
684,101.2415204,14.22418702,10,2
685,102.3336675,14.54930035,10,2
686,100.0016976,14.90983622,10,2
687,104.9994412,16.8850299,10,2
688,107.3416751,17.15002094,10,2
689,108.1312474,16.13675749,10,2
690,110.4352652,14.3868379,10,2
691,109.7212516,13.44602477,10,2
692,107.8803496,14.47203211,10,2
693,105.4990766,15.42555658,10,2
694,103.5120638,15.69371878,10,2
695,101.2612421,13.859093,10,2
696,100.3824008,12.2905863,10,2
697,72.62746452,6.309713882,10,0
698,74.76985562,5.230157851,10,0
699,78.24328657,6.682054309,10,0
700,78.88307989,6.92490918,10,0
701,78.64815463,7.283223609,10,0
702,79.14478698,7.446065297,10,0
703,77.7869637,7.654430348,10,0
704,77.96950193,8.096145134,10,0
705,79.98381762,10.67348844,10,0
706,75.10661722,6.955870571,10,3
707,75.76467582,7.115386332,10,3
708,76.92916302,6.902779842,10,3
709,76.45795757,7.612040258,10,3
710,76.06773752,8.142352711,10,3
711,76.57940052,8.980375099,10,3
712,75.98728858,10.08840974,10,3
713,77.46928079,9.757600008,10,3
714,78.41279739,9.441096921,10,3
715,78.58861022,8.858718613,10,3
716,78.59512111,8.667269865,10,3
717,77.63080929,9.27361741,10,3
718,76.1396138,8.905143212,10,3
719,76.29585684,8.310518539,10,3
720,76.31344473,6.233639244,10,3
721,76.84170325,5.664600975,10,3
722,78.64084444,7.214312335,10,3
723,78.47563562,7.480498454,10,3
724,79.46956458,7.588522829,10,3
725,79.45916642,7.686186726,10,3
726,79.15222814,7.14474468,10,3
727,78.23946001,7.31220438,10,3
728,78.01249935,7.626681326,10,3
729,75.15281578,10.15312442,11,1
730,75.34216721,8.497290661,11,1
731,75.25518496,8.020800032,11,1
732,75.58254095,7.858982984,11,1
733,75.18158019,7.44579185,11,1
734,76.28167975,8.623671063,11,1
735,77.85977224,8.946151842,11,1
736,77.84549013,8.515723095,11,1
737,77.78041284,7.593975377,11,1
738,77.60997372,6.899396256,11,1
739,76.31569738,7.093827787,11,1
740,77.068128,8.468094868,11,1
741,75.92318209,8.655776835,11,1
742,73.68883134,7.42086149,11,1
743,73.89672556,7.595968043,11,1
744,73.38280418,7.897457481,11,1
745,75.28660516,8.820122987,11,1
746,75.70630599,8.802574605,11,1
747,76.773613,11.3951338,11,1
748,78.22093258,13.82281734,11,1
749,75.75363364,11.7073,11,1
750,74.09715609,10.24187964,11,1
751,73.79545377,8.783632537,11,1
752,75.09318604,8.741365035,11,1
753,74.15331806,8.767736986,11,1
754,75.20847638,8.779178709,11,1
755,74.15652721,8.16113802,11,1
756,72.61004843,7.078758734,11,1
757,98.84054183,23.45039113,11,2
758,94.24210017,23.29155084,11,2
759,95.56205541,24.27508381,11,2
760,94.53321466,23.7058531,11,2
761,95.99079348,24.6318686,11,2
762,97.48041132,24.53080621,11,2
763,103.5616511,25.62005342,11,2
764,54.96403328,9.706616509,11,2
765,109.8245942,20.29702996,11,2
766,97.26146618,21.62788083,11,2
767,104.9261601,22.91659593,11,2
768,84.0402183,19.19293636,11,2
769,94.6361124,25.46134548,11,2
770,99.4309134,24.59816899,11,2
771,101.800836,24.55722621,11,2
772,103.2569489,23.95368439,11,2
773,110.076046,21.15038717,11,2
774,111.68372,21.55380915,11,2
775,73.35294684,7.604045927,11,0
776,73.89184828,7.112558903,11,0
777,76.13951871,8.671289772,11,0
778,76.09933771,9.773433778,11,0
779,77.79029424,11.03453022,11,0
780,79.30557184,13.72800363,11,0
781,77.17781576,13.3283383,11,0
782,75.19469415,13.06502855,11,0
783,75.94430365,13.93821987,11,0
784,81.46897175,7.322964932,11,3
785,82.65958246,8.877770457,11,3
786,83.45732665,7.739081962,11,3
787,85.98842616,10.44741747,11,3
788,87.56672397,13.26573122,11,3
789,87.68368746,14.41997976,11,3
790,88.59385298,15.4795739,11,3
791,87.01313387,14.77303154,11,3
792,85.7317767,13.80212736,11,3
793,87.59978643,14.22704504,11,3
794,84.33473752,15.13447548,11,3
795,84.04119437,15.39919693,11,3
796,85.101651,16.52816519,11,3
797,82.78869534,13.68812365,11,3
798,88.57149332,15.05903629,11,3
799,90.66603188,15.22733525,11,3
800,91.65660939,15.52774976,11,3
801,90.51233481,15.54770681,11,3
802,90.31484138,15.7283781,11,3
803,90.8311532,15.91998427,11,3
804,91.13019584,16.45580156,11,3
805,91.52013922,16.64865358,11,3
806,91.70467442,17.54617825,11,3
807,85.32359064,14.33451984,13,1
808,87.03318346,14.45404061,13,1
809,90.28128685,18.45774466,13,1
810,92.68067446,17.95717407,13,1
811,93.88795394,18.61393173,13,1
812,93.07843679,18.97613969,13,1
813,89.770814,15.01991329,13,1
814,87.53630509,13.69212737,13,1
815,88.03584187,12.52574508,13,1
816,89.58510232,15.24034754,13,1
817,91.13423814,14.53270256,13,1
818,94.03974539,17.06574293,13,1
819,93.31729454,16.89068514,13,1
820,90.90202013,14.37757877,13,1
821,88.73527576,13.15440744,13,1
822,86.68504332,13.51334874,13,1
823,86.75385609,14.46068965,13,1
824,85.05794681,12.79659067,13,1
825,84.47115368,13.76563375,13,1
826,85.67634043,13.50456076,13,1
827,84.66196458,11.72305772,13,1
828,87.25376464,11.28578623,13,1
829,87.67540985,10.66655284,13,1
830,87.79551158,10.68246013,13,1
831,86.80258345,7.24986023,13,1
832,86.95905736,9.358713227,13,1
833,87.79882774,11.93159514,13,1
834,88.87751942,13.83199226,13,1
835,88.4002349,14.15360604,13,1
836,89.35500434,14.07353971,13,1
837,90.61622472,13.09370747,13,1
838,89.80363022,12.46501493,13,1
839,91.12549198,12.71426733,13,1
840,90.33866538,11.99003673,13,1
841,87.35403596,10.71126225,13,1
842,97.06476307,22.66475328,13,2
843,99.75849074,21.43085515,13,2
844,101.8106266,19.68775953,13,2
845,103.6690797,18.59426797,13,2
846,101.7042359,17.84208534,13,2
847,100.8112295,17.65929675,13,2
848,103.0343072,17.23281507,13,2
849,106.7151639,19.2036591,13,2
850,109.8385914,18.77173136,13,2
851,110.1947002,19.19976977,13,2
852,108.8124056,18.48496276,13,2
853,103.9450751,18.9712098,13,2
854,99.07155391,18.75219945,13,2
855,93.42774281,16.77036032,13,2
856,94.71325538,17.73437605,13,2
857,87.51380981,12.23308294,13,0
858,88.93469359,12.33557346,13,0
859,87.92117452,12.81920267,13,0
860,86.8368347,11.43753492,13,0
861,84.48417764,11.10443467,13,0
862,84.13124524,9.657318408,13,0
863,84.47747993,10.5911491,13,0
864,84.07556032,10.12232503,13,0
865,86.5514847,11.39043729,13,0
866,79.07865983,9.739454789,13,3
867,77.97173513,6.567083184,13,3
868,78.73186772,6.81609952,13,3
869,78.66830868,7.317150594,13,3
870,77.91268494,7.803291847,13,3
871,76.85951177,8.884554303,13,3
872,76.52861361,10.319364,13,3
873,77.37900606,10.44163558,13,3
874,78.43353483,10.63398128,13,3
875,80.01436515,10.36866497,13,3
876,80.39807154,9.618586564,13,3
877,79.01888624,9.15813324,13,3
878,77.90903223,9.052255698,13,3
879,75.86299225,8.808548865,13,3
880,73.9900929,8.42086713,13,3
881,74.49964612,8.920541515,13,3
882,74.34848992,9.470736452,13,3
883,74.1776356,9.705429677,13,3
884,74.4701101,9.350742562,13,3
885,74.44740886,9.123346953,13,3
886,75.53883069,9.34598199,13,3
887,77.39646939,9.56521008,13,3
888,80.0092186,9.534847592,13,3
889,72.47586975,10.02303619,14,1
890,70.58136295,8.409414533,14,1
891,72.83010337,10.57109845,14,1
892,74.67527418,12.28321175,14,1
893,73.31689616,10.32906202,14,1
894,73.74043218,9.02156056,14,1
895,71.93667451,5.832093563,14,1
896,72.17406617,6.267103202,14,1
897,74.20908083,8.432751356,14,1
898,74.37120192,8.67101381,14,1
899,74.10667111,7.824103771,14,1
900,74.39206421,6.440828035,14,1
901,74.23623302,6.254798128,14,1
902,74.86692535,8.592361618,14,1
903,76.30220102,9.0914288,14,1
904,76.50637285,9.70067861,14,1
905,74.58384897,8.995579484,14,1
906,73.54680504,6.597242221,14,1
907,72.96286759,7.871446388,14,1
908,72.09404606,7.116868293,14,1
909,71.88270932,7.122057717,14,1
910,71.69822753,6.88349712,14,1
911,71.780117,6.021288976,14,1
912,72.96956279,7.319542004,14,1
913,73.19734257,6.905445524,14,1
914,74.74429252,8.176216214,14,1
915,78.50226695,11.50672232,14,1
916,78.25310043,10.74438819,14,1
917,80.93620942,12.31875982,14,1
918,80.82252839,11.63975465,14,1
919,75.87469619,7.347800305,14,1
920,75.36171814,7.09457712,14,1
921,74.3634313,3.819121806,14,1
922,73.97584272,3.662060412,14,1
923,75.13935667,4.949211003,14,1
924,74.97382202,6.091995273,14,1
925,116.4121855,21.27630285,14,2
926,117.3463698,21.21902752,14,2
927,116.3668601,21.06776084,14,2
928,118.3030137,21.3109724,14,2
929,122.2357965,20.40107622,14,2
930,121.8572228,19.17265515,14,2
931,121.2335201,18.35103044,14,2
932,119.3115599,19.04426401,14,2
933,116.804464,18.48067791,14,2
934,123.0764553,18.97611176,14,2
935,127.1045012,17.71809738,14,2
936,128.8986992,14.32145996,14,2
937,130.0113002,11.93338675,14,2
938,126.0990889,9.552931576,14,2
939,123.5877872,7.580783309,14,2
940,122.0683663,7.848770802,14,2
941,119.5162563,8.511941367,14,2
942,115.1271922,9.845329012,14,2
943,111.3582955,8.602048781,14,2
944,84.5973197,10.35596253,14,0
945,84.7827045,11.86766377,14,0
946,85.88209739,14.71962792,14,0
947,84.11929647,13.93428719,14,0
948,84.86976438,13.37752516,14,0
949,84.85128413,11.24049698,14,0
950,84.67115997,11.50314577,14,0
951,85.36636165,11.95817866,14,0
952,87.09386617,16.17267573,14,0
953,76.80921824,5.39188738,14,3
954,77.66566078,5.261688939,14,3
955,78.14588465,5.218555236,14,3
956,77.39710265,5.528186493,14,3
957,76.13815232,5.236699565,14,3
958,75.97137923,5.911539557,14,3
959,75.36066667,5.765759106,14,3
960,76.10545409,5.714202419,14,3
961,78.31297981,7.142657062,14,3
962,78.64488192,7.848594839,14,3
963,80.69769067,10.78974255,14,3
964,80.36646821,10.98382518,14,3
965,77.84388692,8.465009388,14,3
966,77.71021214,6.405600025,14,3
967,77.54906897,5.335289592,14,3
968,77.80876081,4.986197463,14,3
969,78.29286922,4.599924803,14,3
970,77.22664566,4.737619055,14,3
971,77.19817403,4.000562014,14,3
972,77.93912336,4.963057929,14,3
973,77.35727575,5.287524195,14,3
974,77.86363408,5.082298389,14,3
975,78.27099188,5.63107194,14,3
976,81.72337406,14.82777419,15,1
977,83.96013454,16.3438435,15,1
978,82.35702782,10.97958807,15,1
979,82.45800256,10.23425714,15,1
980,83.69165851,10.84828831,15,1
981,83.80661094,11.67685807,15,1
982,84.34617763,12.5934387,15,1
983,84.77470528,12.85428961,15,1
984,86.03366181,14.38692819,15,1
985,86.49376556,16.03050797,15,1
986,85.25925303,15.74141944,15,1
987,91.79179938,20.23171084,15,1
988,91.13526156,21.59271856,15,1
989,91.23141257,20.09602378,15,1
990,90.46815623,19.65442185,15,1
991,87.35917948,15.96805989,15,1
992,86.18278988,13.62096468,15,1
993,83.99995562,13.18156734,15,1
994,81.96917122,11.50732383,15,1
995,79.68211044,7.726876513,15,1
996,78.85752535,7.547577499,15,1
997,82.37962059,10.2128713,15,1
998,83.79624546,11.70664286,15,1
999,85.23312071,12.06725635,15,1
1000,85.32231883,10.35313369,15,1
1001,85.74934068,11.62731746,15,1
1002,85.56783099,12.82713521,15,1
1003,86.1219675,15.80566422,15,1
1004,88.30223052,19.44351515,15,1
1005,84.44071969,16.30791323,15,1
1006,88.55296389,20.44422776,15,1
1007,90.87670948,20.79355598,15,1
1008,91.71090121,21.14892891,15,1
1009,83.75585752,14.24600118,15,1
1010,88.62718336,19.01737755,15,1
1011,89.41352957,21.57815845,15,2
1012,92.15236874,20.192849,15,2
1013,84.01644027,15.93261938,15,2
1014,82.28005147,15.85310357,15,2
1015,86.70094934,18.2042472,15,2
1016,83.71814917,13.97245149,15,2
1017,87.21465767,16.14608182,15,2
1018,86.09138392,12.43747278,15,2
1019,88.40291319,14.37488826,15,2
1020,87.0069129,13.69675616,15,2
1021,85.37286961,13.44082439,15,2
1022,86.22261012,15.82099201,15,2
1023,84.50130331,15.65311338,15,2
1024,84.83908394,16.9518728,15,2
1025,84.38634444,15.18113531,15,2
1026,78.02812743,10.25721734,15,0
1027,78.38065499,9.907349215,15,0
1028,78.41949887,10.99473385,15,0
1029,76.78746235,6.826262706,15,0
1030,76.34917311,6.860248068,15,0
1031,76.8865423,6.889959886,15,0
1032,76.9942348,6.678666624,15,0
1033,76.95636418,6.113392032,15,0
1034,77.69358597,6.19577778,15,0
1035,72.71061051,9.538044695,15,3
1036,70.09689034,5.501415728,15,3
1037,70.26853956,5.667920321,15,3
1038,70.98737683,5.677553647,15,3
1039,70.85724623,5.906688268,15,3
1040,71.15977998,6.085933449,15,3
1041,71.33477193,6.40991048,15,3
1042,71.55242545,6.206759089,15,3
1043,72.85473342,5.627183703,15,3
1044,73.66346228,5.300478379,15,3
1045,74.91885924,7.745113177,15,3
1046,73.10778104,7.88412853,15,3
1047,71.16207291,7.531269891,15,3
1048,70.40096345,10.24417651,15,3
1049,68.72588046,7.831964565,15,3
1050,69.65027713,8.468688526,15,3
1051,69.68808926,8.475905974,15,3
1052,67.73328351,6.663346282,15,3
1053,66.57303934,5.854251609,15,3
1054,65.7867882,5.855614011,15,3
1055,66.03394856,5.22583657,15,3
1056,66.98631416,4.793896005,15,3
1057,66.47647119,5.501294977,15,3
1058,65.27516805,9.645142037,16,1
1059,64.81030438,8.335753356,16,1
1060,64.36087228,8.714457269,16,1
1061,66.53191943,10.73571077,16,1
1062,69.05245761,12.12002002,16,1
1063,67.68107874,11.72242412,16,1
1064,66.38498441,10.39921385,16,1
1065,63.58665864,7.159877688,16,1
1066,63.51086819,6.817045275,16,1
1067,64.56600373,7.261560893,16,1
1068,68.02396289,9.753293951,16,1
1069,71.15266777,12.09983033,16,1
1070,74.0704356,13.77771955,16,1
1071,71.52763697,10.74382881,16,1
1072,66.89478475,9.729236052,16,1
1073,64.01485156,8.416298348,16,1
1074,63.54914755,7.821922328,16,1
1075,66.00615749,10.24089383,16,1
1076,70.00598676,11.50496985,16,1
1077,72.42052136,13.29029235,16,1
1078,71.6890251,14.04213445,16,1
1079,68.25921317,11.06593533,16,1
1080,67.93055737,11.22870718,16,1
1081,65.80239736,8.976709178,16,1
1082,66.63196963,10.47922938,16,1
1083,66.1610956,10.16238938,16,1
1084,66.87890146,12.5866224,16,1
1085,64.91602493,9.656460913,16,1
1086,63.8918327,6.989772748,16,1
1087,63.72678911,6.777626633,16,1
1088,65.47595742,9.011979066,16,1
1089,68.70781327,11.87769824,16,1
1090,68.6480614,11.8822829,16,1
1091,128.3592907,16.78421181,16,2
1092,124.7039049,16.69024285,16,2
1093,117.3500536,20.69864922,16,2
1094,115.8760238,19.40880124,16,2
1095,114.7532291,17.5174973,16,2
1096,111.996811,16.24749024,16,2
1097,111.1148616,15.01409037,16,2
1098,108.6811352,14.96471863,16,2
1099,105.24599,18.78119155,16,2
1100,118.0282028,21.79982022,16,2
1101,126.3070242,20.2064462,16,2
1102,126.7506028,23.42557315,16,2
1103,140.080622,8.627655068,16,2
1104,136.7328632,11.15757228,16,2
1105,135.1019873,8.648755704,16,2
1106,131.0400534,10.63765112,16,2
1107,128.4897427,8.191259426,16,2
1108,125.2049645,8.715145589,16,2
1109,122.6559392,9.212539285,16,2
1110,82.286466,12.82793746,16,0
1111,85.90742962,13.24658773,16,0
1112,88.09001169,11.65297615,16,0
1113,88.75885693,10.9999864,16,0
1114,87.94344341,10.5792561,16,0
1115,87.95605383,11.15060244,16,0
1116,87.35065046,10.26904284,16,0
1117,85.56979615,8.735252824,16,0
1118,81.79112966,12.97668428,16,3
1119,78.50439845,10.61080854,16,3
1120,78.34634393,10.45407363,16,3
1121,77.83775062,10.55282655,16,3
1122,78.55780455,11.06630034,16,3
1123,78.98758646,10.75696544,16,3
1124,79.86065732,9.627548893,16,3
1125,80.19040669,9.154304643,16,3
1126,78.63720757,8.302350346,16,3
1127,79.1894948,8.275021759,16,3
1128,78.92849554,9.345167616,16,3
1129,78.27265882,9.291249724,16,3
1130,77.95773224,9.794212368,16,3
1131,77.25869304,9.714340517,16,3
1132,78.33112782,9.71175817,16,3
1133,77.52249672,9.853284177,16,3
1134,77.46080633,10.30630856,16,3
1135,75.00505924,10.07520793,16,3
1136,72.84377141,9.538710094,16,3
1137,72.02332384,9.688387885,16,3
1138,70.82849315,10.21633412,16,3
1139,68.49949577,9.277377803,16,3
1140,68.01247746,9.890221688,17,1
1141,65.11653133,8.226852114,17,1
1142,64.22549828,7.175032984,17,1
1143,63.36161654,5.682589254,17,1
1144,63.87129613,7.450315452,17,1
1145,64.86102611,9.105027856,17,1
1146,66.04880721,9.369024247,17,1
1147,67.45270404,9.575631619,17,1
1148,66.9307089,7.94122975,17,1
1149,67.05623283,6.786570052,17,1
1150,67.38261708,7.945693434,17,1
1151,67.45909458,8.804927777,17,1
1152,70.11122955,11.22665925,17,1
1153,71.08841687,12.15746875,17,1
1154,71.61581355,12.39462523,17,1
1155,73.28097262,14.46591362,17,1
1156,67.91449488,11.02833512,17,1
1157,67.56725213,11.19558363,17,1
1158,65.26247595,9.449504907,17,1
1159,63.8773915,8.725854635,17,1
1160,63.04865484,8.531667433,17,1
1161,62.16408947,8.066249142,17,1
1162,66.14754017,12.30685151,17,1
1163,64.53135875,11.74398193,17,1
1164,65.60164905,11.59365619,17,1
1165,67.60524572,11.97234854,17,1
1166,65.21979981,9.126930089,17,1
1167,67.49111533,8.790612664,17,1
1168,69.5484523,8.901685738,17,1
1169,68.80668265,7.643798107,17,1
1170,67.79073212,8.476671005,17,1
1171,73.24525865,14.1815061,17,1
1172,73.98955119,15.06887206,17,1
1173,81.95408497,19.07202022,17,1
1174,106.1136406,16.73066689,17,2
1175,102.6955407,18.71410265,17,2
1176,101.7568165,17.28032496,17,2
1177,102.4645178,17.34891522,17,2
1178,103.3893799,17.75536431,17,2
1179,99.88452903,16.65570426,17,2
1180,98.48266674,19.51169817,17,2
1181,104.7840328,20.43206248,17,2
1182,107.5647278,22.07978874,17,2
1183,116.3613114,19.22310708,17,2
1184,116.6696306,18.41076137,17,2
1185,116.736763,19.37558953,17,2
1186,114.6406186,20.43705179,17,2
1187,118.7795536,18.73111408,17,2
1188,126.6725182,15.70530821,17,2
1189,127.4401841,13.77601889,17,2
1190,125.8455482,15.21652092,17,2
1191,85.1573042,18.99634528,17,0
1192,85.18605137,18.3788222,17,0
1193,75.13223067,12.71637483,17,0
1194,72.07313187,10.62440738,17,0
1195,79.19080263,15.77726013,17,0
1196,78.08171841,14.89790168,17,0
1197,79.62967617,16.52083555,17,0
1198,79.13900172,16.38364828,17,0
1199,75.06879583,12.1363032,17,0
1200,67.04094977,12.13183785,17,3
1201,63.100795,9.978975665,17,3
1202,64.22515969,9.607246615,17,3
1203,66.68102239,10.68551612,17,3
1204,67.92949023,11.38295011,17,3
1205,69.93072855,11.63670559,17,3
1206,69.25438731,11.93503613,17,3
1207,65.7816374,10.88114483,17,3
1208,67.96316295,12.10654406,17,3
1209,66.60864237,12.32950053,17,3
1210,66.31469944,11.97270651,17,3
1211,66.59416878,12.45249294,17,3
1212,63.97879343,11.75517191,17,3
1213,64.52303486,11.82815733,17,3
1214,65.14066155,12.12674497,17,3
1215,69.05566662,13.11313718,17,3
1216,63.00566101,11.62586081,17,3
1217,61.680812,11.16153933,17,3
1218,59.40130629,10.11655243,17,3
1219,59.29130661,9.620723165,17,3
1220,60.1603793,9.87999119,17,3
